{"cameraMode":{"drawMode":0,"name":"Shaded","section":"Shading Mode"},"sceneLighting":true,"audioPlay":false,"sceneViewState":{"m_AlwaysRefresh":false,"showFog":true,"showSkybox":true,"showFlares":true,"showImageEffects":true,"showParticleSystems":true,"showVisualEffectGraphs":true,"m_FxEnabled":true},"in2DMode":false,"pivot":{"x":-10.33633041381836,"y":-2.8968091011047365,"z":15.667085647583008},"rotation":{"x":-0.08479466289281845,"y":0.2920696437358856,"z":-0.026007410138845445,"w":-0.9522830247879028},"size":12.12435531616211,"orthographic":false}