{"cameraMode":{"drawMode":0,"name":"Shaded","section":"Shading Mode"},"sceneLighting":true,"audioPlay":false,"sceneViewState":{"m_AlwaysRefresh":false,"showFog":true,"showSkybox":true,"showFlares":true,"showImageEffects":true,"showParticleSystems":true,"showVisualEffectGraphs":true,"m_FxEnabled":true},"in2DMode":false,"pivot":{"x":-2.2992475032806398,"y":0.8680400848388672,"z":1.0643171072006226},"rotation":{"x":0.09302790462970734,"y":0.8251274228096008,"z":-0.14248842000961305,"w":0.5387101769447327},"size":0.8660253882408142,"orthographic":false}